{"v":"5.1.1","fr":25,"ip":0,"op":30,"w":600,"h":600,"nm":"Composição 3","ddd":0,"assets":[],"layers":[{"ddd":0,"ind":1,"ty":4,"nm":"virus contornos","sr":1,"ks":{"o":{"a":0,"k":100,"ix":11},"r":{"a":1,"k":[{"i":{"x":[0.52],"y":[0.96]},"o":{"x":[0.48],"y":[0.04]},"n":["0p52_0p96_0p48_0p04"],"t":0,"s":[-9],"e":[0]},{"i":{"x":[0.52],"y":[0.96]},"o":{"x":[0.48],"y":[0.04]},"n":["0p52_0p96_0p48_0p04"],"t":15,"s":[0],"e":[-9]},{"t":30}],"ix":10},"p":{"a":0,"k":[300,300,0],"ix":2},"a":{"a":0,"k":[486,496,0],"ix":1},"s":{"a":1,"k":[{"i":{"x":[0.58,0.58,0.58],"y":[1,1,1]},"o":{"x":[0.42,0.42,0.42],"y":[0,0,0]},"n":["0p58_1_0p42_0","0p58_1_0p42_0","0p58_1_0p42_0"],"t":0,"s":[52.675,52.675,100],"e":[39.675,39.675,100]},{"i":{"x":[0.58,0.58,0.58],"y":[1,1,1]},"o":{"x":[0.42,0.42,0.42],"y":[0,0,0]},"n":["0p58_1_0p42_0","0p58_1_0p42_0","0p58_1_0p42_0"],"t":15,"s":[39.675,39.675,100],"e":[52.675,52.675,100]},{"t":30}],"ix":6}},"ao":0,"shapes":[{"ty":"gr","it":[{"ind":0,"ty":"sh","ix":1,"ks":{"a":0,"k":{"i":[[0,0],[13.781,0],[0,13.698],[-13.782,0],[0,-13.78]],"o":[[0,13.698],[-13.782,0],[0,-13.78],[13.781,0],[0,0]],"v":[[24.885,0.051],[-0.001,24.937],[-24.885,0.051],[-0.001,-24.937],[24.885,0.051]],"c":true},"ix":2},"nm":"Caminho 1","mn":"ADBE Vector Shape - Group","hd":false},{"ty":"fl","c":{"a":0,"k":[0.864527145087,0.372787146475,0.678080420401,1],"ix":4},"o":{"a":0,"k":100,"ix":5},"r":1,"nm":"Preenchimento 1","mn":"ADBE Vector Graphic - Fill","hd":false},{"ty":"tr","p":{"a":0,"k":[373.59,498.81],"ix":2},"a":{"a":0,"k":[0,0],"ix":1},"s":{"a":0,"k":[100,100],"ix":3},"r":{"a":0,"k":0,"ix":6},"o":{"a":0,"k":100,"ix":7},"sk":{"a":0,"k":0,"ix":4},"sa":{"a":0,"k":0,"ix":5},"nm":"Transformar"}],"nm":"Grupo 1","np":2,"cix":2,"ix":1,"mn":"ADBE Vector Group","hd":false},{"ty":"gr","it":[{"ind":0,"ty":"sh","ix":1,"ks":{"a":0,"k":{"i":[[0,0],[13.698,0],[0,13.698],[-13.78,0],[0,-13.78]],"o":[[0,13.698],[-13.78,0],[0,-13.78],[13.698,0],[0,0]],"v":[[24.937,0.051],[0.031,24.937],[-24.937,0.051],[0.031,-24.937],[24.937,0.051]],"c":true},"ix":2},"nm":"Caminho 1","mn":"ADBE Vector Shape - Group","hd":false},{"ty":"fl","c":{"a":0,"k":[0.864527145087,0.372787146475,0.678080420401,1],"ix":4},"o":{"a":0,"k":100,"ix":5},"r":1,"nm":"Preenchimento 1","mn":"ADBE Vector Graphic - Fill","hd":false},{"ty":"tr","p":{"a":0,"k":[672.471,498.81],"ix":2},"a":{"a":0,"k":[0,0],"ix":1},"s":{"a":0,"k":[100,100],"ix":3},"r":{"a":0,"k":0,"ix":6},"o":{"a":0,"k":100,"ix":7},"sk":{"a":0,"k":0,"ix":4},"sa":{"a":0,"k":0,"ix":5},"nm":"Transformar"}],"nm":"Grupo 2","np":2,"cix":2,"ix":2,"mn":"ADBE Vector Group","hd":false},{"ty":"gr","it":[{"ind":0,"ty":"sh","ix":1,"ks":{"a":0,"k":{"i":[[0,0],[13.781,0],[0,13.698],[-13.781,0],[0,-13.782]],"o":[[0,13.698],[-13.781,0],[0,-13.782],[13.781,0],[0,0]],"v":[[24.885,0.052],[0,24.938],[-24.885,0.052],[0,-24.938],[24.885,0.052]],"c":true},"ix":2},"nm":"Caminho 1","mn":"ADBE Vector Shape - Group","hd":false},{"ty":"fl","c":{"a":0,"k":[0.864527145087,0.372787146475,0.678080420401,1],"ix":4},"o":{"a":0,"k":100,"ix":5},"r":1,"nm":"Preenchimento 1","mn":"ADBE Vector Graphic - Fill","hd":false},{"ty":"tr","p":{"a":0,"k":[539.629,913.908],"ix":2},"a":{"a":0,"k":[0,0],"ix":1},"s":{"a":0,"k":[100,100],"ix":3},"r":{"a":0,"k":0,"ix":6},"o":{"a":0,"k":100,"ix":7},"sk":{"a":0,"k":0,"ix":4},"sa":{"a":0,"k":0,"ix":5},"nm":"Transformar"}],"nm":"Grupo 3","np":2,"cix":2,"ix":3,"mn":"ADBE Vector Group","hd":false},{"ty":"gr","it":[{"ind":0,"ty":"sh","ix":1,"ks":{"a":0,"k":{"i":[[0,0],[13.698,0],[0,13.782],[-13.781,0],[0,-13.78]],"o":[[0,13.782],[-13.781,0],[0,-13.78],[13.698,0],[0,0]],"v":[[24.896,-0.001],[0.01,24.885],[-24.896,-0.001],[0.01,-24.885],[24.896,-0.001]],"c":true},"ix":2},"nm":"Caminho 1","mn":"ADBE Vector Shape - Group","hd":false},{"ty":"fl","c":{"a":0,"k":[0.864527145087,0.372787146475,0.678080420401,1],"ix":4},"o":{"a":0,"k":100,"ix":5},"r":1,"nm":"Preenchimento 1","mn":"ADBE Vector Graphic - Fill","hd":false},{"ty":"tr","p":{"a":0,"k":[904.948,465.612],"ix":2},"a":{"a":0,"k":[0,0],"ix":1},"s":{"a":0,"k":[100,100],"ix":3},"r":{"a":0,"k":0,"ix":6},"o":{"a":0,"k":100,"ix":7},"sk":{"a":0,"k":0,"ix":4},"sa":{"a":0,"k":0,"ix":5},"nm":"Transformar"}],"nm":"Grupo 4","np":2,"cix":2,"ix":4,"mn":"ADBE Vector Group","hd":false},{"ty":"gr","it":[{"ind":0,"ty":"sh","ix":1,"ks":{"a":0,"k":{"i":[[0,0],[13.698,0],[0,13.698],[-13.781,0],[0,-13.782]],"o":[[0,13.698],[-13.781,0],[0,-13.782],[13.698,0],[0,0]],"v":[[24.938,0.052],[0.031,24.938],[-24.938,0.052],[0.031,-24.938],[24.938,0.052]],"c":true},"ix":2},"nm":"Caminho 1","mn":"ADBE Vector Shape - Group","hd":false},{"ty":"fl","c":{"a":0,"k":[0.864527145087,0.372787146475,0.678080420401,1],"ix":4},"o":{"a":0,"k":100,"ix":5},"r":1,"nm":"Preenchimento 1","mn":"ADBE Vector Graphic - Fill","hd":false},{"ty":"tr","p":{"a":0,"k":[838.51,913.908],"ix":2},"a":{"a":0,"k":[0,0],"ix":1},"s":{"a":0,"k":[100,100],"ix":3},"r":{"a":0,"k":0,"ix":6},"o":{"a":0,"k":100,"ix":7},"sk":{"a":0,"k":0,"ix":4},"sa":{"a":0,"k":0,"ix":5},"nm":"Transformar"}],"nm":"Grupo 5","np":2,"cix":2,"ix":5,"mn":"ADBE Vector Group","hd":false},{"ty":"gr","it":[{"ind":0,"ty":"sh","ix":1,"ks":{"a":0,"k":{"i":[[0,0],[13.781,0],[0,13.698],[-13.782,0],[0,-13.781]],"o":[[0,13.698],[-13.782,0],[0,-13.781],[13.781,0],[0,0]],"v":[[24.885,0.052],[0.001,24.937],[-24.884,0.052],[0.001,-24.937],[24.885,0.052]],"c":true},"ix":2},"nm":"Caminho 1","mn":"ADBE Vector Shape - Group","hd":false},{"ty":"fl","c":{"a":0,"k":[0.864527145087,0.372787146475,0.678080420401,1],"ix":4},"o":{"a":0,"k":100,"ix":5},"r":1,"nm":"Preenchimento 1","mn":"ADBE Vector Graphic - Fill","hd":false},{"ty":"tr","p":{"a":0,"k":[788.688,166.73],"ix":2},"a":{"a":0,"k":[0,0],"ix":1},"s":{"a":0,"k":[100,100],"ix":3},"r":{"a":0,"k":0,"ix":6},"o":{"a":0,"k":100,"ix":7},"sk":{"a":0,"k":0,"ix":4},"sa":{"a":0,"k":0,"ix":5},"nm":"Transformar"}],"nm":"Grupo 6","np":2,"cix":2,"ix":6,"mn":"ADBE Vector Group","hd":false},{"ty":"gr","it":[{"ind":0,"ty":"sh","ix":1,"ks":{"a":0,"k":{"i":[[0,0],[13.781,0],[0,13.698],[-13.781,0],[0,-13.781]],"o":[[0,13.698],[-13.781,0],[0,-13.781],[13.781,0],[0,0]],"v":[[24.885,0.052],[0,24.937],[-24.885,0.052],[0,-24.937],[24.885,0.052]],"c":true},"ix":2},"nm":"Caminho 1","mn":"ADBE Vector Shape - Group","hd":false},{"ty":"fl","c":{"a":0,"k":[0.864527145087,0.372787146475,0.678080420401,1],"ix":4},"o":{"a":0,"k":100,"ix":5},"r":1,"nm":"Preenchimento 1","mn":"ADBE Vector Graphic - Fill","hd":false},{"ty":"tr","p":{"a":0,"k":[390.214,83.71],"ix":2},"a":{"a":0,"k":[0,0],"ix":1},"s":{"a":0,"k":[100,100],"ix":3},"r":{"a":0,"k":0,"ix":6},"o":{"a":0,"k":100,"ix":7},"sk":{"a":0,"k":0,"ix":4},"sa":{"a":0,"k":0,"ix":5},"nm":"Transformar"}],"nm":"Grupo 7","np":2,"cix":2,"ix":7,"mn":"ADBE Vector Group","hd":false},{"ty":"gr","it":[{"ind":0,"ty":"sh","ix":1,"ks":{"a":0,"k":{"i":[[0,0],[13.698,0],[0,13.782],[-13.782,0],[0,-13.781]],"o":[[0,13.782],[-13.782,0],[0,-13.781],[13.698,0],[0,0]],"v":[[24.896,0],[0.01,24.885],[-24.896,0],[0.01,-24.885],[24.896,0]],"c":true},"ix":2},"nm":"Caminho 1","mn":"ADBE Vector Shape - Group","hd":false},{"ty":"fl","c":{"a":0,"k":[0.864527145087,0.372787146475,0.678080420401,1],"ix":4},"o":{"a":0,"k":100,"ix":5},"r":1,"nm":"Preenchimento 1","mn":"ADBE Vector Graphic - Fill","hd":false},{"ty":"tr","p":{"a":0,"k":[74.749,216.552],"ix":2},"a":{"a":0,"k":[0,0],"ix":1},"s":{"a":0,"k":[100,100],"ix":3},"r":{"a":0,"k":0,"ix":6},"o":{"a":0,"k":100,"ix":7},"sk":{"a":0,"k":0,"ix":4},"sa":{"a":0,"k":0,"ix":5},"nm":"Transformar"}],"nm":"Grupo 8","np":2,"cix":2,"ix":8,"mn":"ADBE Vector Group","hd":false},{"ty":"gr","it":[{"ind":0,"ty":"sh","ix":1,"ks":{"a":0,"k":{"i":[[0,0],[13.698,0],[0,13.781],[-13.781,0],[0,-13.782]],"o":[[0,13.781],[-13.781,0],[0,-13.782],[13.698,0],[0,0]],"v":[[24.937,0.001],[0.031,24.885],[-24.937,0.001],[0.031,-24.885],[24.937,0.001]],"c":true},"ix":2},"nm":"Caminho 1","mn":"ADBE Vector Shape - Group","hd":false},{"ty":"fl","c":{"a":0,"k":[0.864527145087,0.372787146475,0.678080420401,1],"ix":4},"o":{"a":0,"k":100,"ix":5},"r":1,"nm":"Preenchimento 1","mn":"ADBE Vector Graphic - Fill","hd":false},{"ty":"tr","p":{"a":0,"k":[91.332,565.256],"ix":2},"a":{"a":0,"k":[0,0],"ix":1},"s":{"a":0,"k":[100,100],"ix":3},"r":{"a":0,"k":0,"ix":6},"o":{"a":0,"k":100,"ix":7},"sk":{"a":0,"k":0,"ix":4},"sa":{"a":0,"k":0,"ix":5},"nm":"Transformar"}],"nm":"Grupo 9","np":2,"cix":2,"ix":9,"mn":"ADBE Vector Group","hd":false},{"ty":"gr","it":[{"ind":0,"ty":"sh","ix":1,"ks":{"a":0,"k":{"i":[[0,0],[13.782,0],[0,13.698],[-13.781,0],[0,-13.782]],"o":[[0,13.698],[-13.781,0],[0,-13.782],[13.782,0],[0,0]],"v":[[24.885,0.052],[-0.001,24.938],[-24.885,0.052],[-0.001,-24.938],[24.885,0.052]],"c":true},"ix":2},"nm":"Caminho 1","mn":"ADBE Vector Shape - Group","hd":false},{"ty":"fl","c":{"a":0,"k":[0.864527145087,0.372787146475,0.678080420401,1],"ix":4},"o":{"a":0,"k":100,"ix":5},"r":1,"nm":"Preenchimento 1","mn":"ADBE Vector Graphic - Fill","hd":false},{"ty":"tr","p":{"a":0,"k":[224.175,913.908],"ix":2},"a":{"a":0,"k":[0,0],"ix":1},"s":{"a":0,"k":[100,100],"ix":3},"r":{"a":0,"k":0,"ix":6},"o":{"a":0,"k":100,"ix":7},"sk":{"a":0,"k":0,"ix":4},"sa":{"a":0,"k":0,"ix":5},"nm":"Transformar"}],"nm":"Grupo 10","np":2,"cix":2,"ix":10,"mn":"ADBE Vector Group","hd":false},{"ty":"gr","it":[{"ind":0,"ty":"sh","ix":1,"ks":{"a":0,"k":{"i":[[0,0],[13.78,0],[0,13.802],[-13.699,0],[0,-13.699]],"o":[[0,13.802],[-13.699,0],[0,-13.699],[13.78,0],[0,0]],"v":[[24.927,-0.052],[-0.04,24.938],[-24.926,-0.052],[-0.04,-24.938],[24.927,-0.052]],"c":true},"ix":2},"nm":"Caminho 1","mn":"ADBE Vector Shape - Group","hd":false},{"ty":"fl","c":{"a":0,"k":[0.864527145087,0.372787146475,0.678080420401,1],"ix":4},"o":{"a":0,"k":100,"ix":5},"r":1,"nm":"Preenchimento 1","mn":"ADBE Vector Graphic - Fill","hd":false},{"ty":"tr","p":{"a":0,"k":[523.045,764.493],"ix":2},"a":{"a":0,"k":[0,0],"ix":1},"s":{"a":0,"k":[100,100],"ix":3},"r":{"a":0,"k":0,"ix":6},"o":{"a":0,"k":100,"ix":7},"sk":{"a":0,"k":0,"ix":4},"sa":{"a":0,"k":0,"ix":5},"nm":"Transformar"}],"nm":"Grupo 11","np":2,"cix":2,"ix":11,"mn":"ADBE Vector Group","hd":false},{"ty":"gr","it":[{"ind":0,"ty":"sh","ix":1,"ks":{"a":0,"k":{"i":[[0,0],[27.479,0],[0,27.478],[-27.48,0],[0,-27.48]],"o":[[0,27.478],[-27.48,0],[0,-27.48],[27.479,0],[0,0]],"v":[[49.812,0.052],[-0.042,49.822],[-49.812,0.052],[-0.042,-49.822],[49.812,0.052]],"c":true},"ix":2},"nm":"Caminho 1","mn":"ADBE Vector Shape - Group","hd":false},{"ty":"fl","c":{"a":0,"k":[0.713722199085,0.185247772815,0.540455418007,1],"ix":4},"o":{"a":0,"k":100,"ix":5},"r":1,"nm":"Preenchimento 1","mn":"ADBE Vector Graphic - Fill","hd":false},{"ty":"tr","p":{"a":0,"k":[664.201,523.695],"ix":2},"a":{"a":0,"k":[0,0],"ix":1},"s":{"a":0,"k":[100,100],"ix":3},"r":{"a":0,"k":0,"ix":6},"o":{"a":0,"k":100,"ix":7},"sk":{"a":0,"k":0,"ix":4},"sa":{"a":0,"k":0,"ix":5},"nm":"Transformar"}],"nm":"Grupo 12","np":2,"cix":2,"ix":12,"mn":"ADBE Vector Group","hd":false},{"ty":"gr","it":[{"ind":0,"ty":"sh","ix":1,"ks":{"a":0,"k":{"i":[[0,0],[27.5,0],[0,27.583],[-27.563,0],[0,-27.48]],"o":[[0,27.583],[-27.563,0],[0,-27.48],[27.5,0],[0,0]],"v":[[49.822,-0.051],[0.032,49.823],[-49.822,-0.051],[0.032,-49.823],[49.822,-0.051]],"c":true},"ix":2},"nm":"Caminho 1","mn":"ADBE Vector Shape - Group","hd":false},{"ty":"fl","c":{"a":0,"k":[0.713722199085,0.185247772815,0.540455418007,1],"ix":4},"o":{"a":0,"k":100,"ix":5},"r":1,"nm":"Preenchimento 1","mn":"ADBE Vector Graphic - Fill","hd":false},{"ty":"tr","p":{"a":0,"k":[381.901,473.924],"ix":2},"a":{"a":0,"k":[0,0],"ix":1},"s":{"a":0,"k":[100,100],"ix":3},"r":{"a":0,"k":0,"ix":6},"o":{"a":0,"k":100,"ix":7},"sk":{"a":0,"k":0,"ix":4},"sa":{"a":0,"k":0,"ix":5},"nm":"Transformar"}],"nm":"Grupo 13","np":2,"cix":2,"ix":13,"mn":"ADBE Vector Group","hd":false},{"ty":"gr","it":[{"ind":0,"ty":"sh","ix":1,"ks":{"a":0,"k":{"i":[[0,0],[45.806,0],[0,45.806],[-45.889,0],[0,-45.889]],"o":[[0,45.806],[-45.889,0],[0,-45.889],[45.806,0],[0,0]],"v":[[83.021,0],[0.001,83.02],[-83.02,0],[0.001,-83.02],[83.021,0]],"c":true},"ix":2},"nm":"Caminho 1","mn":"ADBE Vector Shape - Group","hd":false},{"ty":"fl","c":{"a":0,"k":[0.713722199085,0.185247772815,0.540455418007,1],"ix":4},"o":{"a":0,"k":100,"ix":5},"r":1,"nm":"Preenchimento 1","mn":"ADBE Vector Graphic - Fill","hd":false},{"ty":"tr","p":{"a":0,"k":[514.743,706.411],"ix":2},"a":{"a":0,"k":[0,0],"ix":1},"s":{"a":0,"k":[100,100],"ix":3},"r":{"a":0,"k":0,"ix":6},"o":{"a":0,"k":100,"ix":7},"sk":{"a":0,"k":0,"ix":4},"sa":{"a":0,"k":0,"ix":5},"nm":"Transformar"}],"nm":"Grupo 14","np":2,"cix":2,"ix":14,"mn":"ADBE Vector Group","hd":false},{"ty":"gr","it":[{"ind":0,"ty":"sh","ix":1,"ks":{"a":0,"k":{"i":[[0,0],[9.173,0],[0,9.153],[-9.236,0],[0,-9.174]],"o":[[0,9.153],[-9.236,0],[0,-9.174],[9.173,0],[0,0]],"v":[[16.573,0.001],[0.031,16.625],[-16.573,0.001],[0.031,-16.625],[16.573,0.001]],"c":true},"ix":2},"nm":"Caminho 1","mn":"ADBE Vector Shape - Group","hd":false},{"ty":"fl","c":{"a":0,"k":[0.713722199085,0.185247772815,0.540455418007,1],"ix":4},"o":{"a":0,"k":100,"ix":5},"r":1,"nm":"Preenchimento 1","mn":"ADBE Vector Graphic - Fill","hd":false},{"ty":"tr","p":{"a":0,"k":[630.961,357.706],"ix":2},"a":{"a":0,"k":[0,0],"ix":1},"s":{"a":0,"k":[100,100],"ix":3},"r":{"a":0,"k":0,"ix":6},"o":{"a":0,"k":100,"ix":7},"sk":{"a":0,"k":0,"ix":4},"sa":{"a":0,"k":0,"ix":5},"nm":"Transformar"}],"nm":"Grupo 15","np":2,"cix":2,"ix":15,"mn":"ADBE Vector Group","hd":false},{"ty":"gr","it":[{"ind":0,"ty":"sh","ix":1,"ks":{"a":0,"k":{"i":[[0,0],[9.174,0],[0,9.153],[-9.152,0],[0,-9.154]],"o":[[0,9.153],[-9.152,0],[0,-9.154],[9.174,0],[0,0]],"v":[[16.583,0],[-0.042,16.625],[-16.583,0],[-0.042,-16.625],[16.583,0]],"c":true},"ix":2},"nm":"Caminho 1","mn":"ADBE Vector Shape - Group","hd":false},{"ty":"fl","c":{"a":0,"k":[0.713722199085,0.185247772815,0.540455418007,1],"ix":4},"o":{"a":0,"k":100,"ix":5},"r":1,"nm":"Preenchimento 1","mn":"ADBE Vector Graphic - Fill","hd":false},{"ty":"tr","p":{"a":0,"k":[813.615,507.122],"ix":2},"a":{"a":0,"k":[0,0],"ix":1},"s":{"a":0,"k":[100,100],"ix":3},"r":{"a":0,"k":0,"ix":6},"o":{"a":0,"k":100,"ix":7},"sk":{"a":0,"k":0,"ix":4},"sa":{"a":0,"k":0,"ix":5},"nm":"Transformar"}],"nm":"Grupo 16","np":2,"cix":2,"ix":16,"mn":"ADBE Vector Group","hd":false},{"ty":"gr","it":[{"ind":0,"ty":"sh","ix":1,"ks":{"a":0,"k":{"i":[[0,0],[9.154,0],[0,9.153],[-9.174,0],[0,-9.154]],"o":[[0,9.153],[-9.174,0],[0,-9.154],[9.154,0],[0,0]],"v":[[16.615,0],[0.01,16.625],[-16.615,0],[0.01,-16.625],[16.615,0]],"c":true},"ix":2},"nm":"Caminho 1","mn":"ADBE Vector Shape - Group","hd":false},{"ty":"fl","c":{"a":0,"k":[0.713722199085,0.185247772815,0.540455418007,1],"ix":4},"o":{"a":0,"k":100,"ix":5},"r":1,"nm":"Preenchimento 1","mn":"ADBE Vector Graphic - Fill","hd":false},{"ty":"tr","p":{"a":0,"k":[697.398,673.162],"ix":2},"a":{"a":0,"k":[0,0],"ix":1},"s":{"a":0,"k":[100,100],"ix":3},"r":{"a":0,"k":0,"ix":6},"o":{"a":0,"k":100,"ix":7},"sk":{"a":0,"k":0,"ix":4},"sa":{"a":0,"k":0,"ix":5},"nm":"Transformar"}],"nm":"Grupo 17","np":2,"cix":2,"ix":17,"mn":"ADBE Vector Group","hd":false},{"ty":"gr","it":[{"ind":0,"ty":"sh","ix":1,"ks":{"a":0,"k":{"i":[[0,0],[9.153,0],[0,9.154],[-9.174,0],[0,-9.174]],"o":[[0,9.154],[-9.174,0],[0,-9.174],[9.153,0],[0,0]],"v":[[16.614,0.052],[0.01,16.573],[-16.615,0.052],[0.01,-16.573],[16.614,0.052]],"c":true},"ix":2},"nm":"Caminho 1","mn":"ADBE Vector Shape - Group","hd":false},{"ty":"fl","c":{"a":0,"k":[0.713722199085,0.185247772815,0.540455418007,1],"ix":4},"o":{"a":0,"k":100,"ix":5},"r":1,"nm":"Preenchimento 1","mn":"ADBE Vector Graphic - Fill","hd":false},{"ty":"tr","p":{"a":0,"k":[365.319,623.339],"ix":2},"a":{"a":0,"k":[0,0],"ix":1},"s":{"a":0,"k":[100,100],"ix":3},"r":{"a":0,"k":0,"ix":6},"o":{"a":0,"k":100,"ix":7},"sk":{"a":0,"k":0,"ix":4},"sa":{"a":0,"k":0,"ix":5},"nm":"Transformar"}],"nm":"Grupo 18","np":2,"cix":2,"ix":18,"mn":"ADBE Vector Group","hd":false},{"ty":"gr","it":[{"ind":0,"ty":"sh","ix":1,"ks":{"a":0,"k":{"i":[[0,0],[9.175,0],[0,9.153],[-9.236,0],[0,-9.153]],"o":[[0,9.153],[-9.236,0],[0,-9.153],[9.175,0],[0,0]],"v":[[16.573,0],[0.031,16.625],[-16.573,0],[0.031,-16.625],[16.573,0]],"c":true},"ix":2},"nm":"Caminho 1","mn":"ADBE Vector Shape - Group","hd":false},{"ty":"fl","c":{"a":0,"k":[0.713722199085,0.185247772815,0.540455418007,1],"ix":4},"o":{"a":0,"k":100,"ix":5},"r":1,"nm":"Preenchimento 1","mn":"ADBE Vector Graphic - Fill","hd":false},{"ty":"tr","p":{"a":0,"k":[547.941,424.102],"ix":2},"a":{"a":0,"k":[0,0],"ix":1},"s":{"a":0,"k":[100,100],"ix":3},"r":{"a":0,"k":0,"ix":6},"o":{"a":0,"k":100,"ix":7},"sk":{"a":0,"k":0,"ix":4},"sa":{"a":0,"k":0,"ix":5},"nm":"Transformar"}],"nm":"Grupo 19","np":2,"cix":2,"ix":19,"mn":"ADBE Vector Group","hd":false},{"ty":"gr","it":[{"ind":0,"ty":"sh","ix":1,"ks":{"a":0,"k":{"i":[[0,0],[15.483,-3.009],[8.344,6.725],[0,0],[-6.725,14.84],[-3.963,14.841],[-23.911,-9.256],[-26.525,13.615],[21.088,47.258],[50.35,-23.35],[5.023,-3.631],[14.342,23.992],[11.105,13.781],[-10.792,20.9],[0,0],[-19.862,1.951],[-10.606,4.857],[-4.213,34.224],[66.085,-9.9],[6.745,-41.842],[-7.451,-16.853],[8.675,-16.853],[0,0],[27.895,8.675],[19.946,1.951],[3.072,12.723],[0,0],[-6.558,7.617],[5.189,26.919],[32.024,6.558],[0,-51.638],[-31.528,-11.747],[-2.533,-10.543],[0,0],[14.84,-5.355],[18.575,-12.246],[12.411,10.046],[-6.413,15.151],[6.663,29.514],[50.829,9.568],[-17.767,-93.563],[-52.779,-9.485],[-20.339,6.724],[-9.235,-11.602],[0,0],[7.783,-13.055],[4.856,-39.58],[16.543,-1.453],[0,0],[7.699,7.617],[18.97,1.204],[12.972,-26.67],[-44.915,-11.684],[-16.79,26.919],[-11.353,0.976],[0,0],[-5.044,-15.649],[-22.623,-27.23],[8.509,-9.402],[10.045,3.238],[12.805,-1.287],[5.439,-41.281],[-62.597,11.997],[-9.568,31.858],[2.76,13.864],[-5.272,5.935],[0,0],[-10.295,-5.604],[-8.592,-3.57],[1.702,-19.779],[-2.097,-10.212],[-42.236,-4.379],[0,58.529],[1.204,5.998],[-17.745,9.817],[-14.092,12.079],[-11.102,-2.843],[7.037,-19.136],[-3.32,-19.78],[-45.807,-6.247],[6.724,69.487],[42.569,11.664]],"o":[[-17.184,-4.711],[-10.461,2.096],[0,0],[-12.743,-10.149],[6.33,-13.698],[6.726,-24.718],[25.445,9.88],[45.973,-23.765],[-22.602,-50.913],[-4.463,2.013],[-22.622,16.542],[-9.069,-15.172],[-14.672,-18.243],[0,0],[9.172,-17.766],[10.067,-0.976],[31.381,-14.363],[8.034,-65.835],[-41.903,6.226],[-3.238,20.256],[7.617,17.352],[0,0],[-13.387,25.943],[-16.293,-5.106],[-13.054,-1.37],[0,0],[-2.284,-9.818],[15.732,-18.161],[-6.165,-32.108],[-53.59,-11.104],[0,35.678],[10.148,3.819],[0,0],[3.652,15.4],[-21.315,7.699],[-13.284,8.842],[-13.533,-11.021],[10.461,-24.491],[-11.332,-50.434],[-93.48,-17.517],[10.045,52.698],[23.35,4.234],[14.03,-4.629],[0,0],[9.546,11.83],[-19.531,32.751],[-2.034,16.459],[0,0],[-10.793,0.976],[-11.997,-11.685],[-29.597,-2.034],[-21.481,44.103],[32.357,8.343],[5.999,-9.734],[0,0],[16.376,-1.453],[11.104,34.453],[8.033,9.735],[-7.057,7.866],[-11.436,-3.652],[-41.511,3.901],[-8.259,62.099],[32.669,-6.247],[4.608,-15.4],[-1.536,-7.783],[0,0],[7.783,-8.759],[8.115,4.358],[18.327,7.783],[-0.892,9.568],[8.758,41.593],[59.753,6.165],[0,-6.413],[-3.82,-19.947],[16.293,-9.008],[8.759,-7.39],[22.707,5.666],[-6.247,17.04],[7.721,45.639],[69.966,9.485],[-4.214,-43.937],[0,0]],"v":[[381.414,254.249],[332.121,252.381],[302.462,245.573],[279.029,226.769],[269.296,184.284],[284.778,141.382],[342.022,110.832],[423.505,106.453],[468.73,-22.539],[335.941,-72.476],[321.515,-63.656],[254.538,-77.021],[223.24,-119.756],[216.848,-184.117],[241.402,-231.791],[287.29,-264.791],[318.257,-273.301],[377.034,-351.381],[262.799,-462.441],[179.863,-380.563],[186.92,-324.068],[186.525,-270.229],[167.306,-232.849],[96.033,-201.8],[30.945,-212.51],[4.027,-236.005],[-14.943,-315.786],[-7.742,-343.432],[10.917,-413.397],[-52.821,-478.339],[-153.587,-397.188],[-99.519,-319.689],[-78.827,-297.46],[-63.676,-233.493],[-83.539,-197.421],[-143.458,-167.347],[-187.313,-168.717],[-197.359,-212.572],[-190.24,-294.783],[-293.849,-394.759],[-449.988,-238.288],[-344.346,-133.786],[-278.117,-138.144],[-239.368,-126.065],[-232.704,-117.805],[-229.965,-76.461],[-267.407,32.918],[-298.955,63.801],[-330.481,66.644],[-359.268,55.541],[-406.299,34.703],[-477.8,75.798],[-429.648,181.606],[-347.833,148.772],[-319.626,132.396],[-292.541,129.948],[-256.137,154.355],[-204.831,247.669],[-205.723,281.002],[-233.763,287.892],[-270.416,284.074],[-351.984,362.403],[-243.497,464.558],[-174.176,401.713],[-171.913,357.526],[-165.749,335.879],[-152.694,321.454],[-121.811,315.87],[-96.76,327.867],[-70.152,374.565],[-68.387,404.224],[18.451,482.303],[128.64,383.241],[126.855,364.583],[148.896,314.646],[194.702,282.953],[226.083,274.194],[251.467,321.204],[246.424,376.994],[337.725,465.285],[460.221,347.563],[381.414,254.249]],"c":true},"ix":2},"nm":"Caminho 1","mn":"ADBE Vector Shape - Group","hd":false},{"ty":"mm","mm":4,"nm":"Mesclar caminhos 1","mn":"ADBE Vector Filter - Merge","hd":false},{"ty":"fl","c":{"a":0,"k":[0.317760093539,0.184210279876,0.461842705222,1],"ix":4},"o":{"a":0,"k":100,"ix":5},"r":1,"nm":"Preenchimento 1","mn":"ADBE Vector Graphic - Fill","hd":false},{"ty":"tr","p":{"a":0,"k":[485.666,489.21],"ix":2},"a":{"a":0,"k":[0,0],"ix":1},"s":{"a":0,"k":[100,100],"ix":3},"r":{"a":0,"k":0,"ix":6},"o":{"a":0,"k":100,"ix":7},"sk":{"a":0,"k":0,"ix":4},"sa":{"a":0,"k":0,"ix":5},"nm":"Transformar"}],"nm":"Grupo 20","np":3,"cix":2,"ix":20,"mn":"ADBE Vector Group","hd":false}],"ip":0,"op":75,"st":0,"bm":0}],"markers":[]}